id,firstname,lastname,department,basesalary,bonus
100,Devina,Roscoe,operations,5672,4091
101,Berget,Othilia,production,4854,7212
102,Jeanna,Juan,it,8778,7069
103,Verla,Hachmin,,7737,7106
104,Winny,Stevy,sales,6393,6003
105,Marcy,Vins,sales,8178,7992
106,Nicoli,Isidore,production,7300,7156
107,Dotty,Kelula,it,9177,7971
108,Sybille,Newell,sales,1461,6030
109,Gianina,Ledah,production,4675,5219
110,Danika,Ephrem,it,2737,5262
111,Fernande,Holbrook,production,2840,5975
112,Hollie,Lalitta,it,4286,4934
113,Carlie,Markman,,4115,4867
114,Siana,Nelsen,production,8773,4510
115,Livvyy,Jethro,operations,8972,6621
116,Florie,Yoko,operations,8453,4546
117,Flory,Verger,,6025,4996
118,Blondelle,Alrich,,7994,7938
119,Carolina,Ade,sales,7764,6968
120,Doralynne,Dudley,,8071,7109
121,Doro,Kunin,sales,9834,7486
122,Ricky,Rosemary,sales,4509,6770
123,Julieta,Anton,it,3198,5392
124,Gale,Teryn,production,1448,5018
125,Dominga,Beebe,it,3050,4564
126,Christian,Ashok,sales,4699,6244
127,Tierney,Fiester,it,3873,6708
128,Teddie,Skell,,2127,5210
129,Orsola,Salvidor,,4632,6242
130,Ottilie,Thilda,it,3166,6570
131,Fredericka,Argus,it,6219,6415
132,Valeda,Ochs,it,7945,4870
133,Zaria,Elo,it,5553,4931
134,Di,Hamil,it,9037,4497
135,Agnese,Nisbet,,8271,4515
136,Veda,Bethany,production,5083,7233
137,Leontine,Kathie,sales,5062,5366
138,Pollyanna,Anyah,production,9276,4405
139,Gilligan,Eachern,it,3834,5225
140,Abbie,Westphal,it,3236,6426
141,Dagmar,Malina,,9894,4218
142,Gabi,Linehan,,8892,7550
143,Phedra,Sisile,operations,2610,6419
144,Alexine,Delp,sales,3615,5909
145,Cassondra,Narton,,8818,4301
146,Collen,Telfer,it,8036,4079
147,Delilah,Ortrude,it,2452,4024
148,Allis,Eldrid,operations,1909,5289
149,Kelly,Wu,production,8152,4714
150,Jerry,Lemuela,,5125,7151
151,Judy,Ventre,operations,1434,6379
152,Kalina,Karylin,,8765,4000
153,Ruthe,Sikorski,sales,4138,6157
154,Flo,Allare,sales,5984,5745
155,Ileana,Velick,production,5263,7606
156,Gwyneth,Fleeta,operations,1424,7362
157,Inga,Delp,sales,1744,6825
158,Merle,Edison,operations,2974,4188
159,Gloria,Adore,it,6154,5071
160,Sean,Kat,,9195,4707
161,Kylynn,Rillings,operations,7044,4216
162,Melisent,Merell,,1833,5690
163,Genevra,Gusella,it,4525,7061
164,Annecorinne,Verger,sales,2949,6807
165,Allis,Medrek,,1848,4081
166,Annice,McCutcheon,it,5743,4763
167,Ebonee,Tyson,operations,5815,5599
168,Melina,Kelula,production,8565,7351
169,Kylynn,Tannie,it,2054,4001
170,Melanie,Read,,7275,6372
171,Darci,Shama,it,7454,6886
172,Celene,Madaih,it,2222,5050
173,Britte,Fillbert,,5055,4333
174,Gloria,Olnee,it,4591,6695
175,Dolli,Mendez,,7632,7310
176,Alexine,Ilka,,7459,4449
177,Mathilda,Rosalba,,9179,4998
178,Oona,Medrek,,8125,6808
179,Allyce,Behre,sales,8663,4557
180,Nicoli,Fillbert,operations,4863,7708
181,Nonnah,Thilda,it,9723,6789
182,Doro,Vittoria,production,5549,4667
183,Brynna,Ball,it,6286,6261
184,Anthia,Adamsen,operations,9458,7636
185,Melanie,Casimir,it,6698,6446
186,Zondra,Bow,it,1939,6932
187,Cassondra,Doig,operations,5286,6134
188,Angelique,Revkah,production,6513,5864
189,Natka,Kevon,production,4092,7892
190,Zia,Dannye,sales,4117,6360
191,Fidelia,Lewes,it,9291,5612
192,Briney,Gladstone,production,3823,7855
193,Gaylene,Elvyn,production,5772,4913
194,Jacquetta,Lorenz,it,1185,6482
195,Livvyy,Wenda,sales,5498,6296
196,Margette,Ricarda,,3272,5322
197,Nikki,Gert,,8681,7360
198,Amalie,Pernick,it,4764,6238
199,Ekaterina,Burkle,operations,1872,6238
200,Jillayne,Minetta,,7641,5721
201,Ethel,Reidar,production,5855,5743
202,Rosene,Joseph,production,9151,4474
203,Shaylyn,Berne,operations,9237,5956
204,Netty,Claudine,sales,4183,4687
205,Ileana,Shaddock,it,7491,4967
206,Shannah,Chem,operations,4036,4176
207,Camile,Malanie,,4778,6252
208,Linet,Hertzfeld,operations,6850,7370
209,Vinita,Eliathas,it,6916,5401
210,Tamqrah,Janene,operations,4005,5911
211,Alameda,Hachmin,,8332,5493
212,Queenie,Wooster,production,6009,5145
213,Myriam,Cavan,,6958,6304
214,Ottilie,Whittaker,production,4107,6261
215,Tatiania,Tybald,production,2126,4250
216,Lucille,Vary,production,9827,6711
217,Dotty,Kermit,operations,9826,6365
218,Layla,Hertzfeld,it,5371,6140
219,Jackie,Cohdwell,,2702,6107
220,Karolina,Heisel,it,2296,7624
221,Katleen,Warthman,sales,1044,7174
222,Elka,Shirberg,sales,9546,7083
223,Charlena,Merell,,2509,6416
224,Giustina,Berl,operations,4800,5723
225,Jerry,Dimitris,,7230,4261
226,Jemie,Orlene,sales,5728,4393
227,Sean,Huggins,sales,3968,4164
228,Hallie,Sikorski,production,6828,6292
229,Roslyn,Shaddock,sales,2896,5257
230,Elise,Naashom,,8633,4274
231,Viki,Gualtiero,production,5850,7607
232,Melina,Fabiola,sales,9185,6975
233,Janeczka,Alrich,production,5847,4942
234,Monika,Ludewig,production,1040,6386
235,Letizia,Lasley,it,6923,7003
236,Ekaterina,Bashemeth,production,3617,5614
237,Drucie,Dituri,it,2160,5586
238,Gertrud,Lindemann,operations,8664,6364
239,Phedra,Torray,sales,4117,5212
240,Gloria,Thomasina,,2884,4218
241,Georgetta,Armanda,production,7643,6083
242,Alex,Kolnick,production,1614,4633
243,Ebonee,Ammann,sales,8180,6709
244,Elsie,Merriott,it,7354,6568
245,Albertina,Taima,sales,6198,7453
246,Sybille,Joni,,5924,7155
247,Adele,Gaspard,operations,4302,6832
248,Trixi,Amasa,,2299,4697
249,Dominga,Means,production,3400,4938
250,Wilma,Bobbee,production,9690,6881
251,Karly,Chrystel,it,1061,7023
252,Angela,Gillan,operations,1176,5408
253,Dawn,Audly,sales,7439,6879
254,Danika,Hermes,it,1539,5976
255,Alie,Wyn,sales,4556,7777
256,Karly,Evvie,sales,6537,7873
257,Bee,Leffen,it,6424,6631
258,Darci,Arley,,8553,4275
259,Marti,Brotherson,production,9332,5595
260,Jenda,Mitzi,it,4866,6692
261,Sheelagh,Elbertina,production,8801,7981
262,Latisha,Elsinore,sales,3234,6546
263,Hollie,Bandeen,production,9192,6443
264,Joceline,Cleavland,it,4862,4096
265,Andeee,Flita,operations,1437,4514
266,Malina,Waldron,sales,1533,5546
267,Micheline,Seligman,production,6863,4334
268,Katleen,Aida,it,2696,6294
269,Aryn,Leifeste,sales,1238,6225
270,Kary,Leler,,4326,4552
271,Mureil,Allys,it,2414,4689
272,Debee,Dichy,operations,6553,4981
273,Lanae,Vilma,sales,1831,5236
274,Minne,Vacuva,sales,7799,5033
275,Kara-Lynn,Slifka,,5350,7802
276,Lesly,Maurine,it,9891,5447
277,Lolita,Rurik,production,3618,5632
278,Merci,Ehrman,,8841,6850
279,Aurelie,Waldron,sales,9725,6034
280,Bernie,Shelba,,4456,5872
281,Nyssa,Erminia,it,5664,7019
282,Norine,Adalbert,production,7406,7530
283,Cecile,Terencio,it,4152,4055
284,Ileana,Marisa,production,3388,6755
285,Nelle,Strephon,,3057,6269
286,Averyl,Colleen,it,1540,7476
287,Codie,Hepsibah,production,6514,7797
288,Odessa,Fulmer,sales,7554,6555
289,Taffy,Pierette,operations,9106,5580
290,Ida,Melleta,operations,2311,6480
291,Leia,Claudine,operations,2892,5333
292,Louella,Toffic,,6383,5324
293,Marita,Bergman,,8869,5274
294,Daune,Bendick,it,8191,6676
295,Hayley,Anton,,9393,5113
296,Paulita,Florina,it,9265,4980
297,Sadie,Allare,it,5727,6150
298,Linzy,Kiyoshi,operations,1725,6285
299,Theodora,Wiener,operations,9784,6006
300,Tonia,Daveta,,2167,6889
301,Zia,Liebermann,production,6144,5978
302,Barbara,Ajay,it,7771,5464
303,Nita,Poppy,operations,6319,7652
304,Lorie,Alice,operations,6598,7509
305,Cherilyn,Ingra,it,1841,7199
306,Elka,Gaal,operations,6324,5007
307,Aubrie,Herrera,it,2495,6745
308,Eadie,Jorgan,,4773,6962
309,Ebonee,Magdalen,,9645,5852
310,Atlanta,Alabaster,operations,2399,7367
311,Britte,Chaing,,1329,5840
312,Peri,Kinnard,,6111,6640
313,Leontine,Newell,sales,4721,7553
314,Addia,Cohdwell,production,6788,6017
315,Evaleen,Karna,,1200,5005
316,Alex,Anastatius,operations,8423,5260
317,Jsandye,Jarib,production,2008,5881
318,Ginnie,Mullane,operations,2819,6036
319,Averyl,Orelee,,4828,6745
320,Patricia,Eben,it,5782,6691
321,Kimberley,Bandeen,,8702,6446
322,Jeanna,Fink,production,8040,4368
323,Sibella,Grosz,operations,2443,7278
324,Britte,Heisel,sales,6611,5147
325,Raina,Briney,,4630,5186
326,Catrina,Auberbach,,7394,4132
327,Orelia,Rosemary,operations,5898,7090
328,Harrietta,Darbie,production,7854,7115
329,Millie,Isidore,sales,3341,4381
330,Kirbee,Clie,it,4508,7951
331,Susette,Bakerman,operations,2757,7590
332,Lynnea,Larochelle,,9231,4835
333,Kamilah,Keelia,production,8327,7889
334,Gerrie,McCutcheon,sales,6184,5062
335,Atlanta,Lesley,production,8567,6027
336,Shirlee,Hanleigh,production,2417,7912
337,Tomasina,Lumbard,it,6949,6212
338,Joeann,Kauppi,it,9901,4081
339,Danny,Redmond,,1821,7273
340,Silvana,Hourigan,production,9314,5438
341,Petronia,Heidt,operations,4954,7677
342,Brietta,Elisha,operations,9886,6979
343,Anallese,Salvidor,it,6090,6742
344,Hope,Pond,sales,1704,4148
345,Dale,Tufts,it,9276,5521
346,Karlee,Candy,it,9718,4690
347,Quintina,Carri,operations,1616,5654
348,Cristabel,Rogerio,it,6663,7416
349,Liana,Craggie,sales,7401,4639
350,Bee,Jillane,it,2768,6132
351,Vita,Anyah,sales,1731,7804
352,Elena,Madelene,it,7459,7222
353,Althea,Magnolia,it,5128,7450
354,Jan,Kress,it,9496,7490
355,Michaelina,Prober,it,8400,7264
356,Alexine,Alabaster,sales,4902,5592
357,Moyna,Tybald,sales,9007,5717
358,Katuscha,Atonsah,production,6846,5064
359,Elsie,Gordon,it,1813,5483
360,Jolyn,Solitta,sales,6567,7672
361,Merrie,Odysseus,production,7711,6208
362,Bettine,Dunkin,production,7907,5373
363,Ginnie,Payson,production,3517,6640
364,Mildrid,Ade,operations,7643,6263
365,Ottilie,Kravits,sales,4887,7329
366,Steffane,Ajay,it,3747,6818
367,Sharlene,Narton,production,8875,5504
368,Aigneis,Presber,production,8862,5960
369,Cristabel,Pelagias,sales,7730,4088
370,Cam,Ader,it,8106,4261
371,Margette,Florina,it,1828,7671
372,Harmonia,Sharl,it,9486,6319
373,Hannis,Catie,it,3001,4687
374,Albertina,Chabot,sales,4285,4142
375,Liana,Toffic,operations,4119,7756
376,Brynna,Gillan,it,6067,7112
377,Mariann,Johanna,it,1447,6954
378,Lorne,Shaddock,operations,5401,4866
379,Bernardine,Hortensia,,2051,6539
380,Regina,Bobbee,operations,8292,7768
381,Juliane,Destinee,production,1867,5936
382,Vinita,Teddman,production,3190,7081
383,Ninnetta,Kare,production,7450,6735
384,June,Shaver,operations,2717,5206
385,Quintina,Erlandson,sales,6680,6425
386,Ann-Marie,Abernon,production,7131,6735
387,Jasmina,Donell,operations,3738,6985
388,Binny,Capello,it,6002,5981
389,Karolina,Ellord,it,2449,7868
390,Latisha,Camden,,8606,5298
391,Ursulina,Fontana,production,6715,7440
392,Ronna,Ochs,sales,9657,7064
393,Vere,Alva,sales,8338,4348
394,Siana,Cohdwell,it,2748,5177
395,Dode,Serilda,sales,9790,7359
396,Devina,Mathilde,,2321,4087
397,Chandra,Norvol,it,2177,6580
398,Lisette,Rubie,production,1252,6535
399,Jessy,Arne,sales,3723,4221
400,Collen,Buttaro,production,2931,6396
401,Sibella,O'Neill,it,1792,7667
402,Modestia,Lareena,it,4263,5035
403,Linet,Trey,,9999,5863
404,Sidoney,Garlinda,,8428,5373
405,Stephanie,Tjon,production,5912,7818
406,Alleen,Saunderson,sales,3472,5927
407,Kial,Kronfeld,sales,1079,7729
408,Marika,Allina,sales,8272,5935
409,Dorene,Parsaye,operations,7292,6188
410,Roxane,Blisse,it,2723,5393
411,Tomasina,Ricarda,,8632,5341
412,Ida,Tarrant,it,4655,6554
413,Joeann,My,production,9656,5832
414,Ebonee,Sheedy,,4633,6957
415,Mamie,Cohdwell,sales,8116,6659
416,Taffy,Viddah,operations,9324,6054
417,Lulita,Vharat,sales,8429,7371
418,Flory,Bartlett,it,4438,6038
419,Carmela,Klemperer,sales,2618,6541
420,Jacenta,Hachmin,operations,3408,6472
421,Violet,Gregrory,production,8003,4626
422,Dolli,Goddard,sales,3805,5406
423,Josephine,Uird,operations,7549,7008
424,Barbi,Yorick,,9501,4808
425,Zsa Zsa,Carey,,7087,7520
426,Karolina,Jagir,,8054,4590
427,Roberta,Suk,,2849,6257
428,Mady,Adamsen,it,4597,6272
429,Kara-Lynn,Rosalba,,6675,4889
430,Kathy,Jobi,operations,9957,5675
431,Chastity,Hoban,operations,8616,6372
432,Dale,Ariella,,2777,4230
433,Ardys,Pascia,operations,8347,4172
434,Reeba,Orelee,production,1757,4577
435,Zondra,Edvard,operations,6696,5053
436,Donnie,Arquit,,6293,7745
437,Cindelyn,Heisel,it,1093,5266
438,Miquela,Primalia,it,7523,7840
439,Anestassia,Allys,operations,3693,4311
440,Chandra,Kiersten,operations,2631,7247
441,Kathy,Autrey,,2739,5863
442,Ottilie,Ethban,it,9339,5947
443,Evaleen,Roscoe,sales,5348,7347
444,Hayley,Tillford,production,2250,6827
445,Arlina,Standing,,9790,5840
446,Almeta,Sigfrid,,6599,7523
447,Frieda,Melleta,it,1030,5458
448,Iseabal,Olnee,it,9493,7955
449,Kary,Peonir,,4379,5863
450,Nessie,Zenas,production,7363,4154
451,Netty,Bach,it,9598,7195
452,Henriette,Aaberg,sales,7929,6456
453,Camile,Alabaster,it,3676,6594
454,Inga,Ehrman,sales,1894,7900
455,Lilith,Magdalen,sales,9054,7517
456,Anestassia,Billye,production,8884,4719
457,Valera,Brady,production,6816,4047
458,Meriel,Donoghue,,1870,5400
459,Ardenia,Kress,production,9493,5415
460,Elyssa,Fax,operations,7863,6833
461,Aeriela,Smitt,operations,2050,4874
462,Henriette,Zitvaa,it,3465,4066
463,Cyb,Bury,production,2391,4560
464,Dede,Lunsford,sales,9732,7099
465,Juliane,Francyne,sales,2345,5523
466,Rosanne,Sholley,sales,4618,7606
467,June,Malanie,,1552,6643
468,Gwyneth,Magnolia,production,4276,4968
469,Henriette,Wenoa,production,3040,6870
470,Ermengarde,Ball,sales,5436,6149
471,Ronna,Narton,production,3502,4598
472,Reeba,Fiann,sales,3355,5855
473,Agnese,Karna,,4922,7749
474,Lilith,Merell,,2829,6298
475,Riannon,Ciro,,3870,5833
476,Ruthe,An,sales,2818,4172
477,Coral,Abram,it,8647,4060
478,Daune,Naor,production,7693,5315
479,Marinna,Idelia,production,9018,7884
480,Madalyn,Rheingold,,4251,4310
481,Cyndie,Monk,operations,3835,6522
482,Gertrud,Matthew,,2528,7611
483,Jerry,Anestassia,production,3767,6514
484,Babita,Telfer,,8956,6705
485,Nessie,Kravits,it,2549,5217
486,Wanda,Kiersten,,7295,7801
487,Ana,Berl,operations,1953,4046
488,Jessamyn,Aloise,,6803,7418
489,Clary,Verger,it,4002,5569
490,Jerry,Philoo,it,8468,6523
491,Carolina,Old,,4679,4711
492,Barbara,Bettine,it,5665,7594
493,Kellen,O'Rourke,operations,7518,5781
494,Cam,Rad,sales,2954,5728
495,Hallie,Bertold,operations,9953,6182
496,Mireielle,Rhu,it,4896,6816
497,Britni,Celestine,production,8038,7543
498,Nananne,Jaylene,production,4960,5760
499,Paule,Revkah,it,3367,6268
500,Maryellen,Kellby,sales,6348,7214
501,Randa,MacIntosh,sales,1837,6510
502,Emelina,Chabot,production,6304,4744
503,Feliza,Latini,sales,3280,7072
504,Maud,Yam,,3571,6536
505,Cacilie,McCutcheon,production,9976,4480
506,Shauna,Jacobah,,9297,6806
507,Maisey,Alrich,production,5069,5784
508,Sindee,Zachary,,7885,4235
509,Mady,Lasley,it,3145,4990
510,Shell,Reidar,operations,6798,4395
511,Doralynne,Lindemann,operations,9891,7327
512,Zaria,Bergman,operations,2764,6737
513,Sharlene,Boycey,operations,9562,6714
514,Anestassia,Lail,it,3355,4259
515,Alia,Pernick,production,4813,4425
516,Pamella,Slifka,production,1610,5717
517,Lila,Santoro,it,1240,4209
518,June,Bartlett,,1041,5887
519,Kirbee,Teddman,,3705,5893
520,Nyssa,Agle,production,3258,7335
521,Lilith,Tjon,production,6947,4369
522,Mallory,Cleo,production,5402,5762
523,Allyce,Warthman,,2974,4974
524,Harrietta,Karna,it,5253,4726
525,Leanna,Monaco,it,4658,4193
526,Sissy,Rossner,it,5370,5060
527,Zsa Zsa,Gusella,,7446,6861
528,Delilah,Laverne,it,7877,4895
529,Karolina,Hanshaw,production,4032,6482
530,Kirstin,Japeth,production,2236,6713
531,Joane,Bury,,8382,4532
532,Fidelia,Bevin,,4180,7615
533,Gwyneth,Hortensia,,4184,6257
534,Jenda,Tannie,it,3034,6350
535,Deirdre,Callista,sales,4501,6495
536,Gavrielle,Bultman,production,5607,6784
537,Clementine,Elo,it,8178,4585
538,Wileen,Lareena,production,4342,7545
539,Mildrid,Stephie,,1142,7079
540,Modestia,Vilma,operations,8821,5297
541,Alexine,Quent,,9695,6673
542,Elise,Saunderson,operations,4201,4574
543,Leona,Wadell,,3258,5136
544,Lauryn,Kalinda,,2917,6997
545,Lizzie,Dominy,it,6107,5334
546,Averyl,Philipp,,4470,6319
547,Karlee,Tarrant,it,3753,7512
548,Celisse,Flita,,5068,4557
549,Daune,Roumell,it,6933,4464
550,Norine,Billye,operations,8527,6982
551,Hyacinthe,Millda,,2926,4538
552,Tierney,Anis,production,1679,5813
553,Rivalee,Strephon,operations,5122,7751
554,Rochette,Hashim,,1782,6000
555,Claudina,Turne,,1513,6973
556,Elvira,Manolo,it,4308,6456
557,Jobi,Drus,,6506,5995
558,Tilly,Yoko,it,1696,5235
559,Ardeen,Yusuk,operations,5748,7195
560,Celestyna,Milde,sales,9246,5223
561,Vonny,Lasley,operations,6955,7850
562,Cassandra,Ashok,,7191,7855
563,Jolyn,Stefa,,5265,4580
564,Maryellen,Friede,,2891,4739
565,Clementine,Stoller,operations,8779,5153
566,Kate,Zenas,sales,6883,4668
567,Babita,Hepsibah,,3328,4861
568,Cathie,Demitria,production,9844,6440
569,Dede,Madaih,,3757,4997
570,Sarette,Erminia,,3169,6521
571,Nelle,Paton,it,5265,4824
572,Justinn,Celestine,,9417,4041
573,Genovera,Sperling,sales,2398,5750
574,Selia,Nahum,operations,8169,7024
575,Grier,Blisse,production,2898,5238
576,Darlleen,Wenda,,2158,7648
577,Margette,Fosque,sales,7891,5779
578,Pamella,Sancho,production,2725,7590
579,Siana,Dannye,,1191,7020
580,Joane,Berl,production,5232,7725
581,Meghann,Girardo,production,6185,6326
582,Daune,Ciro,production,8978,4565
583,Barbi,Rad,operations,9895,6634
584,Briney,Hubert,it,1897,4933
585,Sissy,Bach,,5956,5481
586,Mariele,Henebry,sales,7395,5096
587,Blinni,Nore,operations,3000,4247
588,Ernesta,Hamil,production,1499,7241
589,Concettina,Olympium,production,2117,5697
590,Bertine,Etom,production,6346,7629
591,Elvira,Gombach,production,5032,7459
592,Claudina,Drus,,9734,5681
593,Shell,Anis,,5923,5760
594,Aurore,Mike,operations,4562,5560
595,Meriel,Astra,production,4247,5472
596,Ninnetta,Lattie,sales,3990,6262
597,Leeanne,Tound,operations,2800,4526
598,Sadie,Melleta,production,8535,6106
599,Abbie,Winnick,operations,9907,4965
600,Grier,Hessler,,8620,6083
601,Kirstin,Claudine,,3285,5555
602,Alie,Duwalt,it,5119,4679
603,Hettie,Sadowski,operations,4995,7228
604,Gusty,Halla,sales,4120,5892
605,Beatriz,Doig,sales,7140,6004
606,Aili,Yate,operations,9929,7763
607,Shirlee,Koehler,it,9954,7543
608,Melina,Scammon,operations,7709,4044
609,Micheline,Scammon,production,3862,6106
610,Karlee,Chabot,,3470,6357
611,Larine,Kravits,sales,6683,6830
612,Eadie,Hieronymus,operations,6271,7397
613,Theodora,Rhu,,8902,4087
614,Elora,Latini,it,6898,5353
615,Florie,Wildermuth,sales,9565,4730
616,Max,Hailee,sales,8843,4035
617,Hyacinthe,Gahl,it,5529,6500
618,Mignon,Weaks,,1745,6537
619,Konstance,Stelle,production,8229,7309
620,Meg,Jena,sales,7862,6957
621,Aryn,Eachern,,3568,7994
622,Gabriellia,Daegal,sales,6287,7918
623,Dulce,Kalinda,sales,2415,7032
624,Robinia,Janene,production,5115,5483
625,Mariann,Greenwald,sales,8872,4558
626,Catrina,Schonfeld,operations,4497,5818
627,Pearline,Leonard,operations,7905,4168
628,Deedee,Wolfgram,,6581,7917
629,Latisha,Pozzy,production,6387,6150
630,Kerrin,Lorain,production,1716,6232
631,Leanna,Casimir,production,7997,4074
632,Leanna,Weide,,9298,4162
633,Nicoli,Cleo,production,1229,5745
634,Claudina,Soneson,sales,2419,6905
635,Ezmeralda,Joli,production,4519,4713
636,Edith,Even,sales,5689,4551
637,Vita,Mich,,6452,5362
638,Alisha,Karna,sales,1715,7073
639,Benita,Freddi,sales,5893,7338
640,Suzette,Honoria,it,9134,6355
641,Hermione,Pattin,,9042,5377
642,Ulrike,Raimondo,sales,5465,7921
643,Ivett,Lubin,sales,3649,6027
644,Cathyleen,Trey,sales,6877,6349
645,Angela,Fax,operations,3221,4701
646,Alisha,Joachim,production,4512,5251
647,Sonni,Frendel,sales,9319,4306
648,Tori,Bergman,production,4856,5521
649,Jere,Cleo,it,8353,6166
650,Calla,Iiette,it,8079,6732
651,Lanae,Slifka,,5954,6100
652,Mignon,Seligman,,7700,7701
653,Ivett,Cristi,,9700,6523
654,Wendi,Truc,,8732,5473
655,Adore,Kaja,it,1733,4788
656,Paola,Georas,operations,6658,7107
657,Brietta,Uund,it,7059,4331
658,Doro,Kalinda,operations,6169,6542
659,Wynne,Modie,production,4381,7010
660,Lacie,Joli,sales,3375,6425
661,Annaliese,Kellby,it,7350,5411
662,Jenda,Orelee,sales,4422,6014
663,Gwenneth,Milde,it,3368,5565
664,Josephine,Zachary,operations,1866,6649
665,Agnese,Hebner,production,5705,7531
666,Alleen,Bronk,sales,5837,7361
667,Belva,Means,sales,6575,6488
668,Donnie,Turne,,3071,7208
669,Caressa,Mendez,,9005,4348
670,Caryl,Sinegold,production,7003,6909
671,Rochette,Irmine,it,8385,6805
672,Jenilee,Virgin,,1519,6907
673,Nadine,Agle,,1855,7102
674,Caritta,Dalli,,7148,6485
675,Ezmeralda,Gualtiero,sales,8857,5291
676,Brana,Durware,operations,1106,5391
677,Paulita,Horan,it,4554,6691
678,Christy,Concha,,7716,7471
679,Sam,Joeann,it,4924,7586
680,Mara,Zina,operations,1088,6935
681,Susette,Kenwood,,6851,4396
682,Misha,Berne,sales,7547,5855
683,Janenna,Han,it,9841,5935
684,Paola,Stevy,it,3357,4602
685,Desirae,Longfellow,it,4510,5458
686,Gaylene,Rona,production,5211,7514
687,Merrie,Bigner,production,4604,7733
688,Vevay,Kermit,production,2603,4973
689,Ellette,Anastatius,it,9016,7580
690,Genovera,Trinetta,it,1159,6146
691,Elise,Pernick,sales,4103,6438
692,Allyce,Borrell,sales,6508,4758
693,Raquela,Haerr,sales,6055,4272
694,Margalo,Meli,sales,1534,7394
695,Kamilah,McAdams,it,6763,4922
696,Reeba,Papageno,sales,2649,4333
697,Maisey,McNully,production,4119,5405
698,Camile,Schonfeld,production,9114,5842
699,Ann-Marie,Dahlia,it,7622,5397
700,Steffane,Rogerio,it,6002,4596
701,Maud,Adrienne,operations,8017,5715
702,Sandie,Erlandson,sales,2525,7262
703,Kelly,Ciro,production,7347,7821
704,Anica,Amadas,sales,1553,6657
705,Nikki,Turne,it,8283,6948
706,Roslyn,Rossner,operations,7921,4867
707,Mathilda,Clarissa,production,6737,4818
708,Charlena,Harday,it,5721,6505
709,Korrie,Hortensia,production,6211,4199
710,Binny,Nance,production,6630,5036
711,Albertina,Buckler,,6768,7251
712,Harmonia,Michella,it,7378,4405
713,Dawn,Jillane,operations,2744,7757
714,Shaine,Tice,sales,1162,7296
715,Selma,O'Neill,it,3710,4154
716,Philis,Ramona,operations,6076,7014
717,Ezmeralda,Hollingsworth,it,7738,6674
718,Nickie,Noelyn,it,4768,6828
719,Atlanta,Peti,operations,4313,6112
720,Kial,Edmund,,9751,6637
721,Verla,Chapland,,3854,6217
722,Dacia,Hutchison,it,3300,7010
723,Karolina,Smitt,,1747,4152
724,Teriann,Gladstone,,5328,7273
725,Cassandra,Hertzfeld,sales,6185,5844
726,Charmaine,Sigfrid,sales,3570,7203
727,Sharlene,Chobot,,6739,4013
728,Bobbi,Sisile,sales,6777,5578
729,Emma,Wenoa,,4756,4762
730,Glenda,Thunell,production,7901,5774
731,Paule,Bach,it,1322,7500
732,Madalyn,Loleta,sales,5396,5816
733,Dione,Sadowski,operations,2318,4389
734,Sophia,Tjon,operations,7052,7323
735,Roz,Cordi,sales,1456,4779
736,Sam,Sidonius,,9147,7568
737,Sheelagh,Bandeen,,5559,7542
738,Lorie,Nahum,production,5792,7446
739,Valera,O'Rourke,,5732,7419
740,Babita,Rhu,production,4695,7648
741,Josephine,Guildroy,production,5957,4999
742,Dione,Yerkovich,sales,7090,5358
743,Aurore,Hunfredo,operations,8343,5121
744,Rosaline,Gaulin,production,9790,4229
745,Georgetta,Magnolia,,8264,6827
746,Lonnie,Allare,production,7970,6075
747,Cam,Saree,,5142,7546
748,Genovera,Oster,operations,2737,4486
749,Fernande,Macey,it,7663,4993
750,Cherilyn,Jillane,sales,8115,6990
751,Sean,Chrystel,it,7471,6893
752,Deane,Hortensia,,1061,5746
753,Alleen,Sadowski,operations,5964,5879
754,Rosaline,Isidore,production,1076,6525
755,Jordan,Erich,operations,5794,7432
756,Angelique,Tybald,,9700,6795
757,Wendi,Narton,,9764,5424
758,Shaylyn,Darrell,operations,6806,6634
759,Eve,McNully,it,8836,6451
760,Calla,Boehike,sales,5242,4639
761,Catrina,Greyson,production,6213,6015
762,Sharlene,Gregrory,,8433,7784
763,Kaia,Uird,production,2542,6133
764,Nonnah,Salchunas,,6536,6233
765,Pollyanna,Seumas,sales,6969,6538
766,Ermengarde,Wattenberg,operations,3503,4326
767,Suzette,Maurine,,8105,4189
768,Hollie,Yusuk,sales,4319,6345
769,Leeanne,Hermes,it,6013,7353
770,Sonni,Janene,it,7847,6403
771,Elsie,Arathorn,operations,5150,6448
772,Teriann,Brunell,it,1856,5262
773,Lanna,Glenden,production,5369,5210
774,Kara-Lynn,Lorenz,it,3366,4220
775,Karly,Adore,it,6830,5210
776,Kore,Carmena,production,4951,5696
777,Marita,Naor,it,4797,5402
778,Renae,Lubin,sales,4593,5371
779,Josephine,Laverne,operations,4538,4186
780,Steffane,Carlson,it,1961,4731
781,Lynde,Raama,,2747,6048
782,Marita,Ciro,sales,1224,6686
783,Sean,Cassius,sales,7499,7296
784,Gabriellia,Dyche,operations,7789,6983
785,Jacenta,Pyle,it,1679,4410
786,Rebeca,Sheedy,production,2756,7121
787,Paola,Lissi,sales,2181,4958
788,Merci,Damarra,sales,7309,7361
789,Constance,Tryck,operations,3272,7681
790,Micheline,Lipson,sales,8486,7240
791,Tarra,Nester,production,7191,7990
792,Viviene,Anis,,5217,5581
793,Mary,Georgy,it,7602,4725
794,Allyce,Kamaria,production,3223,7117
795,Feliza,Wu,production,7827,6813
796,Janey,Tice,sales,4973,7124
797,Katharina,Marden,sales,9541,6368
798,Chere,Annabella,sales,6465,6325
799,Vonny,Zenas,operations,7475,6705
800,Eadie,Harned,it,5769,6182
801,Tonia,Olympium,operations,8838,6206
802,Ira,Brieta,,5728,4999
803,Allis,Bouchard,,7225,7058
804,Corry,Tillford,it,4376,4197
805,Janenna,Dielu,,9715,5861
806,Vita,Jary,it,9746,4566
807,Corina,Deegan,sales,7968,6572
808,Suzette,Giule,,7295,4101
809,Carolina,Lemuela,production,3470,5613
810,Kerrin,Kronfeld,sales,5218,7469
811,Joane,Ursulette,sales,5037,7521
812,Ursulina,Jethro,production,8239,6299
813,Susan,Lorain,it,1555,5891
814,Maud,Chaing,sales,1220,4826
815,Phylis,Orlene,sales,3344,4230
816,Amalie,Guildroy,sales,8372,6807
817,Blinni,Sibyls,it,2085,4569
818,Marylou,Peti,production,1097,6943
819,Celisse,Ingra,operations,8163,5625
820,Blake,Gusella,,5968,4044
821,Rani,Manolo,sales,4736,4514
822,Dulce,Francyne,production,2352,5057
823,Lorie,Capello,sales,7729,6896
824,Dolli,Amadas,sales,2381,4749
825,Brietta,Drisko,it,7458,5534
826,Ira,Cadmar,operations,9453,5233
827,Jessamyn,Virgin,sales,6579,4584
828,Phedra,Chrystel,operations,9584,7323
829,Genovera,Tannie,it,5015,4180
830,Beth,Gordon,,5779,6068
831,Ulrike,Sacken,production,6817,7966
832,Genovera,Yusuk,operations,9212,6244
833,Fred,Roarke,production,4787,4868
834,Kristina,Fax,it,7602,4189
835,Dorice,Strephon,sales,3291,5032
836,Viki,Maroney,sales,8908,4778
837,Margarette,Ventre,,5110,6730
838,Blake,Geffner,,2375,7199
839,Minda,Joseph,production,1659,4493
840,Bertine,Baptlsta,operations,8892,6520
841,Etta,Plato,production,8426,4511
842,Harrietta,Grobe,,9663,7441
843,Pamella,Madelene,,5155,4660
844,Sissy,Vorster,,5001,5869
845,Deane,Jacinda,it,4876,7413
846,Allis,Barrus,sales,3616,7513
847,Kimberley,Keelia,sales,1518,5977
848,Priscilla,Pauly,it,3108,7422
849,Kara-Lynn,Martguerita,production,4865,6561
850,Kimberley,Aprile,operations,2181,4399
851,Marita,Romelda,it,6375,4895
852,Jorry,McLaughlin,production,4788,4680
853,Tersina,Leopold,sales,4060,7979
854,Sara-Ann,Donoghue,operations,4902,7806
855,Goldie,Ortrude,production,8772,5099
856,Orelia,Pip,,1033,7586
857,Eugine,Chesna,it,1297,4156
858,Inga,Chem,production,6521,4690
859,Ottilie,Sidonius,sales,8759,4800
860,Roz,Lasley,operations,7090,5925
861,Tybie,Ulphia,it,3720,4296
862,Aurelie,Tannie,production,2665,6186
863,Gretal,Crudden,sales,8050,7129
864,Viki,Brenn,operations,4165,6025
865,Annice,Constancy,production,3122,4599
866,Roseline,Niles,sales,1111,4032
867,Debee,Daniele,operations,4194,4685
868,Melina,Daveta,operations,5288,4806
869,Leia,Luhe,,3840,6481
870,Clarice,Hachmin,it,2367,4905
871,Edyth,Bobbee,,5907,5730
872,Roz,Lanita,operations,9382,6213
873,Karly,Maribeth,,6736,6649
874,Stacey,Burkle,sales,4789,6474
875,Constance,Warthman,production,4324,7450
876,Ethel,Juan,it,9251,5692
877,Julieta,Ahab,it,8323,4742
878,Madalyn,Iphlgenia,operations,6148,4306
879,Blake,Olin,,2680,4535
880,Brana,Vernier,,8023,7746
881,Tersina,Estella,production,9866,4945
882,Lorne,Carey,production,3186,6527
883,Shel,Anyah,,6257,4060
884,Helena,Engdahl,it,2709,6806
885,Penelopa,Candy,it,3833,5703
886,Konstance,Harday,,3957,6262
887,Bobbi,Lalitta,,8071,7175
888,Daryl,Viddah,it,9691,4205
889,Gerrie,Orelee,sales,6630,5294
890,Oralee,McNully,it,1946,7835
891,Elmira,Magdalen,it,9405,5399
892,Dione,Japeth,sales,4568,7609
893,Sherrie,Mintz,sales,9854,5032
894,Margette,Sancho,it,2195,5545
895,Carlie,Anestassia,operations,4096,7988
896,Flory,Valerio,operations,2904,7237
897,Daphne,Dudley,operations,3007,7411
898,Jacquetta,Jillane,,2194,7944
899,Katleen,Kunin,sales,4434,5736
900,Devina,Leary,operations,9915,7388
901,Marita,Valoniah,operations,8843,6608
902,Zsa Zsa,Byrne,sales,4964,5705
903,Sandie,Stefa,,8940,7286
904,Coral,Rosemary,,3218,4469
905,Eve,Ball,,2510,6510
906,Susan,Douglass,it,8952,4691
907,Aimil,Cynar,,5193,7178
908,Antonietta,Mauer,operations,3649,7367
909,Ingrid,Esmaria,,1597,4695
910,Shannah,Xerxes,it,7274,6037
911,Elmira,Bandeen,sales,7522,4738
912,Asia,Lorenz,sales,1689,5754
913,Charissa,Avi,production,5203,7998
914,Roberta,Lymann,it,5821,7947
915,Madelle,Ummersen,operations,1497,6180
916,Glynnis,Oscar,sales,4810,7282
917,Karena,Corrine,production,7035,5877
918,Andree,Tillford,production,1605,5213
919,Tera,Dorine,sales,4033,4662
920,Beverley,Lattie,sales,3917,6080
921,Mara,Waldron,operations,5508,5696
922,Esmeralda,Hillel,sales,5331,6817
923,Mariele,Wareing,production,1569,5906
924,Sibella,Harday,production,9312,5382
925,Ethel,Barrus,production,1637,4412
926,Cherrita,Scammon,production,1631,4298
927,Ida,Marcellus,it,7114,4734
928,Joy,Weaks,sales,3154,7899
929,Yolane,Evvie,sales,8210,6446
930,Lorie,Stevy,it,6793,4734
931,Melodie,Angelis,,7936,6130
932,Deane,Stanwood,operations,2405,6796
933,Camile,Colp,production,6403,7087
934,Augustine,Germann,operations,5767,5210
935,Jordan,Pandolfi,,8403,7743
936,Trixi,Barbey,production,6196,6578
937,Dawn,Meli,it,9372,6072
938,Janis,Old,operations,2957,4438
939,Elsie,Land,sales,5630,5854
940,Mureil,Rillings,operations,1763,5191
941,Gertrud,Allare,operations,3603,4081
942,Bibby,Wadell,production,7268,7106
943,Ottilie,Tippets,production,2118,7550
944,Annabela,Salchunas,production,6401,7684
945,Gilligan,Kinnard,sales,9451,4070
946,Jillayne,Raseda,sales,7497,5739
947,Arlena,Dex,production,3419,4317
948,Sindee,Ardeha,it,4151,4050
949,Tani,Kannry,production,4185,4093
950,Vinita,Trinetta,sales,1599,6147
951,Harmonia,Karylin,,9264,6661
952,Gerianna,Vacuva,sales,6618,5374
953,Chere,Kimmie,sales,9323,7469
954,Cherilyn,Kermit,production,2085,6550
955,Penelopa,Ilka,operations,3581,4088
956,Emilia,Lasley,production,8628,5574
957,Lolita,Dawkins,,6789,4180
958,Quintina,Zola,it,2195,6262
959,Annice,Fillbert,it,4285,6761
960,Molli,Leifeste,operations,3173,5144
961,Mireielle,Velick,production,8438,5196
962,Clementine,Merriott,,1468,7738
963,Cristabel,Lail,it,5496,7359
964,Cissiee,Elo,,3988,6128
965,Petronia,Merat,,1095,6200
966,Nessie,Lissi,production,3072,6881
967,Pollyanna,Jerald,production,8160,7967
968,Wileen,Erminia,it,8544,6053
969,Ottilie,Infield,,7544,6729
970,Kara-Lynn,Riva,,8805,6884
971,Kore,Nunci,production,1424,5810
972,Misha,Kannry,,4146,7455
973,Atlanta,Durante,production,3646,7262
974,Carolina,Ammann,,6005,7109
975,Michaelina,Emmy,production,5668,5304
976,Rosaline,Bari,it,7228,5904
977,Gerrie,Garbe,,7830,6132
978,Abbie,Truc,production,7265,5172
979,Claudina,Barrus,production,3346,5775
980,Cherilyn,Fredi,sales,5876,7995
981,Leontine,Sidonius,production,4746,6981
982,Daphne,Baudin,,9717,5935
983,Etta,Land,operations,9017,6980
984,Jobi,Ferino,sales,4559,6952
985,Shaylyn,Danby,it,4280,6128
986,Deedee,Janith,operations,8707,6306
987,Shaylyn,Mich,operations,9018,7382
988,Riannon,Beebe,production,3720,4271
989,Theodora,Fadiman,,9218,6864
990,Gilda,Pattin,sales,6513,4349
991,Rozele,Lubin,sales,3838,5414
992,Dawn,Valoniah,operations,7319,5554
993,Celestyna,Payson,it,2017,6267
994,Anthia,Pelagias,operations,3479,5053
995,Jacenta,Brieta,,2130,4828
996,Lorenza,Kannry,production,4819,4183
997,Kittie,Tybald,it,9256,7762
998,June,Sawtelle,,5607,4829
999,Modestia,Merriott,production,2906,7960
1000,Gloria,Flyn,sales,6988,5175
1001,Annabela,Atcliffe,sales,1981,5940
1002,Dulcinea,Letsou,it,8132,7017
1003,Petronia,Kress,operations,2900,7926
1004,Larine,Ietta,it,2467,7497
1005,Carree,Garek,,7769,7355
1006,Leia,Mayeda,sales,4510,7901
1007,Ezmeralda,Ortrude,operations,7569,7516
1008,Minne,Paton,sales,3489,7102
1009,Rochette,Hoenack,production,7754,5003
1010,Ardenia,Berriman,sales,4354,5067
1011,Aurore,Bronk,it,5841,6707
1012,Jaime,Korey,it,6030,5485
1013,Nikki,Maroney,it,9030,6519
1014,Fernande,Belanger,sales,1385,6763
1015,Amii,Edee,production,2364,6960
1016,Gianina,Fillbert,operations,3306,5589
1017,Ekaterina,Stuart,production,8583,4988
1018,Dennie,Dex,it,7917,6517
1019,Doro,Geffner,operations,1909,4457
1020,Candy,Ilka,operations,3233,7212
1021,Isa,Magnolia,production,4161,6472
1022,Audrie,Vilma,,7335,6467
1023,Dode,Loring,sales,3848,4964
1024,Tilly,Jacobah,operations,7295,4009
1025,Teddie,Neva,production,3185,7939
1026,Corene,Franza,sales,7881,5946
1027,Letizia,Teddman,,3566,4848
1028,Dawn,Girardo,operations,3265,4388
1029,Rori,Randene,sales,3296,7998
1030,Karina,Aida,it,1882,6349
1031,Deloria,Ralfston,production,1698,6742
1032,Agathe,Pond,production,7918,7471
1033,Vevay,Christal,production,9928,7048
1034,Nollie,Fleeta,operations,2560,5210
1035,Carree,Connelly,it,6829,7027
1036,Nicoli,Buttaro,operations,5466,6538
1037,Phedra,Wattenberg,,3603,5786
1038,Emma,Wu,operations,10000,7769
1039,Keelia,Wenoa,operations,3282,4514
1040,Gianina,Sothena,,6079,4884
1041,Liana,Narton,,6882,4598
1042,Daphne,Iphlgenia,production,2644,5404
1043,Andree,Swanhildas,,4229,7436
1044,Lauryn,Si,sales,8941,7671
1045,Wilma,Suzetta,operations,7160,6875
1046,Wilma,Zeeba,sales,1872,4433
1047,Brooks,Halsey,operations,8301,6545
1048,Yolane,Anestassia,production,3181,6965
1049,Hallie,Ricarda,production,3550,6835
1050,Keelia,Cecile,production,9096,4024
1051,Alisha,Ursulette,operations,5474,5940
1052,Goldie,Reidar,it,6040,7328
1053,Jillayne,Loeb,sales,5638,6110
1054,Gilligan,O'Neill,production,3072,7527
1055,Rubie,Zenas,operations,3901,5727
1056,Ellette,Alice,,6967,4441
1057,Nickie,Annice,sales,1411,5807
1058,Alexine,Faro,sales,2166,6541
1059,Sallie,Aida,it,5384,5870
1060,Jessamyn,Velick,operations,9913,4933
1061,Aeriela,Simmonds,it,4955,7483
1062,Anthia,Merriott,operations,6548,7830
1063,Annecorinne,Alexandr,sales,4991,5217
1064,Abbie,Yoko,sales,2475,4637
1065,Mignon,Shama,it,4102,6995
1066,Roberta,Saree,production,8457,7267
1067,Meg,Ashok,it,5979,4435
1068,Cherrita,Marlie,production,2233,6165
1069,Isa,Screens,sales,2006,4567
1070,Emmey,Edvard,operations,3525,4063
1071,Gui,Borrell,operations,6473,7060
1072,Cristabel,Felecia,it,4058,6548
1073,Dari,Claudine,sales,4300,7134
1074,Alameda,Goddard,,3931,7058
1075,Vivia,Marsden,operations,1892,4210
1076,Helena,Ricarda,,9910,4280
1077,Judy,Swanhildas,,6827,4551
1078,Celestyna,Payson,sales,2453,4637
1079,Cassondra,Cutlerr,it,1989,6944
1080,Hannis,Larochelle,it,8717,5897
1081,Rubie,Urania,,8764,7959
1082,Cindelyn,Ilka,it,6693,7699
1083,Maud,Heidt,,4091,5747
1084,Kittie,Anastatius,sales,8031,7381
1085,Cecile,Seligman,,1727,4141
1086,Pierette,Sheedy,,9670,5554
1087,Danny,Sasnett,production,2883,6070
1088,Eadie,Candy,sales,4449,7217
1089,Leeanne,Kiersten,sales,7026,6440
1090,Florencia,Bach,sales,7044,4821
1091,Chandra,Loring,production,5237,4898
1092,Ernesta,Heisel,operations,5442,5629
1093,Fidelia,Oscar,operations,1906,7442
1094,Viki,Louanna,operations,1446,5546
1095,Magdalena,Lorenz,operations,6755,5942
1096,Ada,Lea,,8390,7450
1097,Sindee,Adlare,,7773,4154
1098,Alexine,Astra,operations,7038,7798
1099,Maryellen,Miru,production,1734,7957
