id,firstname,lastname,department,basesalary,commission
100,Yetty,Hirsch,,2544,7092
101,Jenda,Pulsifer,operations,2443,7479
102,Jany,Aprile,operations,2946,9134
103,Chere,Drisko,operations,1613,7334
104,Lynea,Emmy,it,1900,3607
105,Goldie,Soneson,,2140,1126
106,Gertrud,Maxi,operations,2049,372
107,Corry,Knowling,,2628,5513
108,Consuela,Merat,operations,2814,4386
109,Catharine,Ferrell,production,1555,9531
110,Jennica,Meli,,1589,8082
111,Aubrie,Rogerio,production,2149,6055
112,Willetta,Corabella,it,2093,5670
113,Sandie,Roscoe,operations,1996,1492
114,Florencia,Stefa,,1787,6276
115,Zondra,Ax,,2834,3347
116,Sheree,Flita,it,2558,5471
117,Gabi,Maiah,it,2022,7997
118,Averyl,Myrilla,operations,1844,7571
119,Kylynn,Cavan,production,1634,4950
120,Binny,Creamer,sales,2186,8910
121,Deloria,Kellby,sales,2636,4920
122,Paulita,Pauly,production,2590,8927
123,Darlleen,Maiah,sales,2280,9193
124,Selma,Joseph,,2955,3940
125,Keelia,Susannah,operations,2219,7871
126,Minne,Alarise,sales,1775,2106
127,Rosabelle,Chandler,operations,1503,4941
128,Lindie,Koehler,operations,2209,8030
129,Arlena,Tatianas,production,1631,4954
130,Atlanta,Laverne,operations,2527,7066
131,Beth,Edison,production,2506,83
132,Kary,Oscar,it,2663,964
133,Talya,Khorma,,2111,4921
134,Gaylene,Stanwood,operations,2742,3310
135,Esmeralda,Hertzfeld,sales,1621,3416
136,Kimberley,Orelee,,1551,287
137,Madelle,Eachern,production,2012,878
138,Cathyleen,Leopold,production,2039,4815
139,Binny,Rooney,sales,2868,7985
140,Dode,Irmine,production,2631,4750
141,Zsa Zsa,Kaete,,2278,2800
142,Dorthy,Ruvolo,operations,2897,6983
143,Violet,Olympium,it,2046,4745
144,Kamilah,Torray,,1664,7920
145,Nadine,Chesna,operations,1938,6315
146,Tina,Saree,it,1882,710
147,Catharine,Olnee,production,2302,8869
148,Tracey,Sophronia,sales,2488,6801
149,Brena,Drisko,operations,2769,5041
150,Tera,McGrody,it,2095,4233
151,Vinita,Haerr,sales,2530,9214
152,Cherilyn,Alva,production,1845,8972
153,Ernesta,Faust,sales,2934,5224
154,Lanna,Baudin,sales,2442,6044
155,Christy,Brandice,,2973,6445
156,Alyda,Chinua,operations,2016,1721
157,Tressa,Timon,production,2812,6703
158,Andree,Harriman,production,2405,2986
159,Amalie,Virgin,it,2797,4578
160,Viki,Kamaria,sales,2379,7016
161,Hope,Giule,sales,2090,5705
162,Xylina,Meter,,1838,3285
163,Rhea,Rheingold,operations,2578,7484
164,Lucille,Croix,it,1777,3501
165,Claudina,Pillsbury,production,2700,3492
166,Charissa,Bach,operations,2235,3330
167,Anica,Greyson,it,1660,7979
168,Heddie,Donoghue,sales,2127,4394
169,Romona,Rad,operations,2582,6288
170,Yolane,Minetta,production,1968,3564
171,Oona,Anestassia,,1817,834
172,Bernardine,Friede,it,2221,611
173,Angela,Zaslow,sales,2007,8546
174,Lacie,Eliathas,production,2785,6562
175,Madalyn,Pearse,it,1648,8364
176,Wynne,Elvyn,it,1549,5621
177,Gwyneth,Shanley,sales,2673,1101
178,Tabbatha,Concha,production,1919,1171
179,Ellette,Gombach,sales,2048,3059
180,Randa,Beebe,,2542,2596
181,Kimberley,Sibyls,production,2509,9550
182,Debee,Mitzi,it,1790,4338
183,Justinn,Avi,it,1567,2970
184,Zia,Shaddock,sales,2274,1539
185,Gusella,Whiffen,it,2268,50
186,Drucie,Mendez,,1598,2718
187,Teriann,Chandler,production,2896,2606
188,Corly,Buffum,it,2355,6429
189,Susan,Korey,,2693,3176
190,Ketti,Prouty,,2245,7395
191,Emma,Peg,,2166,736
192,Merci,Eachern,operations,2810,3288
193,Ernesta,Dawkins,operations,2863,1125
194,Agathe,O'Neill,,1512,1588
195,Selma,Plato,it,2618,2022
196,Barbi,Tatianas,sales,2968,119
197,Siana,Jeanne,,2583,5828
198,Nita,Edee,production,1802,5040
199,Evita,Korey,operations,2164,2184
200,Louella,Karl,production,2922,6514
201,Kimmy,Trace,sales,2050,6031
202,Gilda,Chick,,1852,1969
203,Janey,Kussell,operations,2984,2840
204,Fina,Alejoa,production,2093,8646
205,Merci,Taima,it,2390,6874
206,Vita,Eldrid,,1602,366
207,Ilse,Bohlin,sales,2601,6474
208,Ira,Delacourt,operations,2439,519
209,Siana,Love,it,1826,7579
210,Myrtice,Ade,production,2953,3679
211,Heddie,Chaing,production,2892,4069
212,Maurene,Kare,,2364,3832
213,Pierette,Skurnik,operations,2095,3306
214,Corene,Koehler,,2815,3561
215,Kayla,Paton,operations,1852,8739
216,Althea,Oriana,production,2557,763
217,Starla,Ashok,it,2768,1909
218,Desirae,Lenny,production,2392,6983
219,Odessa,Adalbert,production,2289,9362
220,Bobinette,Ashok,production,1807,3705
221,Kayla,Ingra,production,1795,945
222,Rani,Masao,production,2024,4963
223,Rhea,Emanuel,sales,2173,7002
224,Laurene,Gemini,production,2858,3935
225,Gabi,Chesna,sales,2775,6902
226,Dominga,Wandie,sales,2708,9675
227,Annaliese,Anestassia,operations,2697,9279
228,Cyndie,Even,production,1548,2685
229,Alia,Garlinda,sales,1776,607
230,Basia,Kress,sales,2607,4556
231,Vivia,Garlinda,operations,2298,6082
232,Zaria,Rustice,sales,2142,3661
233,Glenda,Vanni,operations,2367,4730
234,Elie,Irmine,sales,1880,8780
235,Suzette,Olnee,production,1635,9541
236,Roslyn,Kosey,it,2922,6660
237,Mariele,Halsey,it,2264,6850
238,Hyacinthe,Emanuel,sales,2326,9587
239,Berta,Nester,operations,1844,5195
240,Flo,Oster,,2516,4525
241,Imojean,Carri,it,1636,4940
242,Charlena,Chabot,it,2484,5301
243,Lynea,Trey,production,2557,8555
244,Hettie,Hoban,operations,1512,7282
245,Marleah,Dorine,operations,2919,7481
246,Rhoda,Kauppi,operations,1552,2020
247,Consuela,Fancie,operations,2806,9673
248,Sheelagh,Fadiman,production,1700,7610
249,Lorie,Kylander,sales,2714,9296
250,Amara,Eckblad,sales,1677,7667
251,Lusa,Linskey,,2849,6655
252,Sheree,Marsden,operations,2286,5456
253,Lindie,Cosenza,operations,2917,1967
254,Janenna,Rurik,,2856,495
255,Karina,Melony,operations,2887,7081
256,Lisette,Celestine,it,2276,3233
257,Viki,Mayeda,operations,2918,9271
258,Lorenza,Dituri,production,1841,4540
259,Cacilie,Thunell,production,1532,6953
260,Cacilie,Ajay,production,1521,9136
261,Winny,Cath,it,2440,4093
262,Shauna,Amand,production,2473,3296
263,Penelopa,Haldas,operations,2089,7465
264,Pierette,Greenwald,production,2676,5617
265,Dorice,Richers,sales,2373,1554
266,Taffy,Adalbert,operations,2567,9910
267,Nannie,Elbertina,,1741,5904
268,Edee,Billye,sales,2744,5542
269,Phedra,Ade,operations,2636,9277
270,Zondra,Edvard,sales,1605,325
271,Zondra,Rogerio,production,2042,5862
272,Gloria,Gillan,it,1672,1022
273,Alyssa,Weide,it,2929,1664
274,Aaren,Amethist,it,2078,8899
275,Shannah,Meter,it,1839,9320
276,Dolli,Heisel,sales,2668,2714
277,Ellette,Primalia,it,2381,7524
278,Fanny,Dominy,operations,2884,3767
279,Karena,Allare,sales,1909,8170
280,Karina,Nadia,it,2312,2739
281,Leeanne,Konyn,,2579,2422
282,Loree,Means,it,2179,9042
283,Jorry,Noam,operations,2939,8095
284,Olivette,Lattie,operations,2526,9476
285,Danika,Delp,,2771,2659
286,Valera,Pattin,it,2769,8519
287,Lonnie,O'Neill,production,2798,5414
288,Celene,Monaco,production,2138,4575
289,Elyssa,Tamar,production,2965,7625
290,Olivette,Thad,production,1911,6932
291,Sheree,Yam,it,1748,9663
292,Vere,Emanuel,operations,2208,1161
293,Candi,Diogenes,,2118,5869
294,Janis,Milson,,1673,3172
295,Sam,Pauly,production,2951,5996
296,Ardeen,Esmaria,sales,1854,7954
297,June,Gunn,sales,2257,9151
298,Priscilla,Laverne,it,2671,9016
299,Abbie,Khorma,sales,2530,3331
300,Rochette,Orlene,operations,2393,7546
301,Krystle,Hebner,it,2223,9709
302,Concettina,Jagir,it,1684,3089
303,Judy,Riva,sales,1743,2583
304,Merrie,Hashim,sales,1685,999
305,Kassey,Weinreb,operations,2031,790
306,Annabela,Kannry,sales,2790,6808
307,Odessa,Hollingsworth,production,2234,2294
308,Glynnis,Lamoree,operations,2949,8465
309,Jobi,Kelula,production,2514,4486
310,Keelia,Vale,sales,1738,879
311,Priscilla,Irmine,sales,2237,7217
312,Margarette,Alwin,it,2552,7036
313,Tressa,Jalbert,sales,2683,7750
314,Shaine,Dash,,2780,2687
315,Peri,Frodi,production,2508,7607
316,Farrah,Bahr,it,2005,8197
317,Kial,Stover,it,2328,8998
318,Sarette,Juan,,2138,6161
319,Vanessa,Waite,production,2583,3668
320,Rosanne,Carvey,production,2046,8100
321,Rebeca,Daegal,operations,2089,4055
322,Aigneis,Israeli,operations,2708,1073
323,Willetta,Sothena,sales,2865,6552
324,Kassey,Ardra,sales,1671,8864
325,Addia,Raama,it,2528,2608
326,Kellen,Candy,production,2524,9135
327,Basia,Larochelle,sales,1628,2328
328,Misha,Pulsifer,sales,2768,58
329,Dode,Ardra,operations,2114,5380
330,Lanae,Merat,operations,2991,1905
331,Edyth,Brodench,sales,2740,6782
332,Donetta,Lia,production,2913,4277
333,Vonny,Nikaniki,it,2651,2943
334,Roseline,Tryck,production,1918,9091
335,Blinni,Riordan,production,2036,5964
336,Florencia,Felizio,sales,2714,9311
337,Rosaline,Erskine,,1588,54
338,Nikki,Robertson,operations,2422,8406
339,Blondelle,Clywd,,2555,7255
340,Giustina,Weinreb,production,2423,1478
341,Myriam,Marcellus,,2494,2331
342,Fernande,Astra,production,2350,8583
343,Lorenza,Loring,operations,2563,4445
344,Fernande,Amethist,it,1887,8809
345,Ana,Levey,,2535,5858
346,Evaleen,Lanita,sales,2583,6759
347,Georgina,Eliathas,,2460,7397
348,Lorie,Gower,it,2480,7490
349,Leona,Modie,sales,1986,6576
350,Sashenka,Pernick,sales,2858,155
351,Rozele,Therine,sales,2665,2498
352,Kittie,Nerita,,2617,5864
353,Millie,Mallon,,2601,1943
354,Di,Bashemeth,production,2184,9798
355,Janeczka,Capello,it,2456,7910
356,Sarette,Alrich,it,2244,6129
357,Hannis,Amasa,it,2229,4672
358,Elyssa,Ahab,production,1879,5288
359,Meg,Waldron,it,2760,2201
360,Nerta,Ricki,sales,1860,7781
361,Robbi,Anselmi,sales,2734,5755
362,Shandie,Demitria,it,2194,6227
363,Renie,Eben,operations,1816,9921
364,Giustina,Velick,,2173,3715
365,Janenna,Dorcy,it,2242,2764
366,Joy,Tomasina,production,1595,953
367,Elvira,Grosz,production,2926,3185
368,Dione,Kaete,sales,2042,4106
369,Moyna,Hazlett,operations,1657,2258
370,Joleen,Aida,it,2797,766
371,Marinna,Natalia,production,1767,3895
372,Micheline,Shirberg,production,2917,7681
373,Sara-Ann,Gert,production,2190,2684
374,Sheelagh,Niles,,1879,215
375,Augustine,Kesley,it,2169,4974
376,Sonni,Catie,it,2051,2956
377,Aimil,Creamer,it,2502,1307
378,Elvira,Hillel,it,2299,6979
379,Antonietta,Chauncey,sales,2616,6795
380,Melodie,Rheingold,production,2043,5605
381,Tabbatha,Dudley,,1940,1945
382,Leona,Belldas,it,2429,4773
383,Dominga,Yoko,sales,2292,3407
384,Pierette,Warthman,sales,1521,5088
385,Molli,Chobot,operations,2981,5362
386,Charmaine,Susannah,,2243,9668
387,Aili,Hewitt,operations,2143,9927
388,Amii,Berl,,1530,6462
389,Jere,Cornelia,production,2257,8778
390,Korrie,Stacy,it,2620,4127
391,Jordan,Eldrid,operations,2552,4935
392,Adore,Naashom,it,1576,9095
393,Beverley,Hilbert,it,2783,7568
394,Cam,Regan,production,2859,5221
395,Sheree,Aaberg,operations,2701,7294
396,Gisela,Alice,production,1526,7188
397,Juliane,Blake,it,2946,5753
398,Arlena,Septima,production,2989,4758
399,Ardeen,Brunell,,1621,1904
400,Claresta,Jalbert,,2606,9662
401,Mignon,Bendick,sales,2192,1037
402,Gilligan,Berne,,1674,6730
403,Elise,Celestine,production,1743,7199
404,Dorice,Ruvolo,it,2193,4749
405,Dolli,Skell,sales,2711,3523
406,Marjie,Junie,,2508,7258
407,Orelia,Harned,production,1817,9835
408,Dolli,Brian,operations,1951,3822
409,Marita,Odell,,2509,9624
410,Rozele,Adlare,production,2053,2476
411,Maye,Durante,it,1594,7390
412,Adele,Narton,production,1580,3398
413,Genevra,Sancho,sales,1737,7042
414,Roz,Othilia,operations,1724,2117
415,Nananne,Cavan,operations,2716,4132
416,Doralynne,Hillel,operations,2916,855
417,Yvonne,Zenas,it,2218,9046
418,Ayn,Moseley,operations,2480,1740
419,Mireielle,Stevy,production,2859,6892
420,Merry,Rolf,sales,1705,9893
421,Malina,Delp,,2745,7755
422,Doro,Matthew,,2998,6782
423,Cherilyn,Olympium,sales,2183,2676
424,Dale,Roscoe,it,1986,7253
425,Bill,Delila,,2299,5920
426,Tersina,Macey,sales,2671,9236
427,Marcelline,Phi,it,2644,3094
428,Hyacinthe,Elbertina,it,2254,6076
429,Sharlene,Sandye,operations,2548,8838
430,Tarra,Turne,it,2966,1757
431,Emmey,Tillford,operations,2963,2447
432,Dulcinea,Casimir,it,2606,5735
433,Thalia,Atonsah,sales,2626,7734
434,Shaylyn,Bouchard,production,2502,8332
435,Kamilah,Tremayne,it,2019,8458
436,Jasmina,Loeb,operations,2838,8425
437,Cordi,Ezar,operations,2146,9697
438,Christal,Eliathas,it,1842,8281
439,Alia,Zaslow,it,1949,9783
440,Patricia,Bobbee,sales,2616,1610
441,Evita,Hilbert,sales,1790,1042
442,Flo,Brackely,it,1710,7973
443,Babita,Alisia,production,1599,7421
444,Vonny,Birdella,operations,2260,3690
445,Hannis,Liebermann,sales,1681,1241
446,Danika,Bivins,operations,2309,9470
447,Abbie,Alfons,it,2948,4108
448,Nita,Lareena,production,1804,3635
449,Cherilyn,Vittoria,sales,2003,3261
450,Rozele,Bergman,sales,2401,1475
451,Molli,Felizio,,2172,2864
452,Codie,Baudin,it,2993,3543
453,Darlleen,Hathaway,it,1944,1728
454,Winifred,Colleen,operations,2826,3877
455,Barbi,Morrill,operations,2083,6652
456,Ursulina,Brieta,sales,2460,3957
457,Thalia,Baudin,sales,2054,2531
458,Wendi,Loleta,,2503,2735
459,Kassey,Pierette,it,2544,1447
460,Cyndie,Swigart,operations,2124,2611
461,Janey,Grayce,production,2962,8093
462,Merry,Ietta,sales,2765,658
463,Tera,Konyn,operations,2399,2688
464,Phylis,Zetta,production,2999,8237
465,Darlleen,Audly,production,1530,7140
466,Fanchon,Olympium,operations,1666,4320
467,Karina,Lail,it,2216,6292
468,Sallie,Christal,,2552,2885
469,Chastity,Hazlett,sales,2302,340
470,Krystle,Rosalba,production,2358,8340
471,Ashlee,Bach,it,2869,102
472,Sibella,Billye,it,2690,3901
473,Kirbee,Narton,,2234,7011
474,Sophia,Urias,,2752,1165
475,Basia,Berne,production,2542,8637
476,Correy,Eno,operations,2785,3490
477,Mignon,Tengdin,it,2886,3996
478,Sindee,Bibi,operations,2164,3573
479,Florencia,Sadowski,sales,1925,9578
480,Alex,Mintz,production,2436,9879
481,Dorthy,Penelopa,,2841,3785
482,Helena,Mintz,production,2934,9018
483,Ezmeralda,Terrence,production,2538,7584
484,Dede,Reinke,sales,2536,3913
485,Shannah,Shaddock,operations,2864,4631
486,Nanete,Chapland,it,2628,1228
487,Lanna,Zenas,it,1604,2914
488,Frieda,Heisel,it,1884,4226
489,Pollyanna,Kaete,,2480,5884
490,Arlena,Kylander,it,2405,575
491,Valera,Vanni,operations,2776,5214
492,Britte,Bultman,it,2465,119
493,Etta,Croix,production,1870,4982
494,Cindelyn,Ball,it,2506,9456
495,Zsa Zsa,Wadell,it,2196,3213
496,Wilma,Darbie,sales,2242,6976
497,Edee,Nahum,,1881,547
498,Aubrie,Haymes,,2675,5030
499,Cam,Juliet,production,1769,3467
500,Vonny,Uund,production,1508,8869
501,Corene,Germann,,2794,6727
502,Kristan,Rodmann,production,2538,3922
503,Arlena,Engdahl,,1925,2716
504,Stephanie,Rad,operations,2920,9638
505,Dominga,Ingra,sales,1574,8386
506,Helsa,Linskey,sales,2464,4311
507,Farrah,Robertson,sales,1743,9886
508,Nonnah,Koehler,it,1833,1356
509,Angelique,Stoller,,2998,4394
510,Feliza,Capello,it,2751,2946
511,Jobi,Helve,sales,1748,6313
512,Hannis,Cleavland,it,2326,9856
513,Amelia,Tristram,it,1613,5858
514,Devina,Eldrid,it,2750,2056
515,Paule,Redmond,operations,2398,4146
516,Di,August,,2248,2781
517,Shaylyn,Bibi,,2050,7549
518,Modestia,Salchunas,sales,1648,603
519,Harrietta,Dreda,,2661,6516
520,Kittie,Shuler,it,2462,2933
521,Jacenta,Torray,operations,2278,760
522,Lanae,Erich,operations,1772,7681
523,Brynna,Millda,operations,1808,4719
524,Genevra,Donoghue,sales,2621,4265
525,Sibella,Audly,it,2788,2738
526,Beverley,Mintz,operations,1656,2635
527,Tiffie,Ariella,production,2723,5013
528,Yolane,Alejoa,,1826,8282
529,Lisette,Cynar,operations,2975,6601
530,Allyce,Croix,production,2807,5168
531,Regina,Allys,,2833,1713
532,Penelopa,Janene,,2831,6088
533,Meghann,Nea,,2162,1718
534,Reeba,Fleeta,,1816,3881
535,Kayla,Manolo,operations,2534,585
536,Jobi,Alfons,production,2407,4437
537,Alie,Jacqui,sales,2382,1967
538,Adriana,Ellord,,2205,1732
539,Rebeca,Guildroy,it,2716,2211
540,Jennica,Primalia,,2274,5839
541,Angelique,Callista,,2166,2748
542,Ardenia,Amadas,it,2066,6827
543,Cam,Seligman,operations,2177,6237
544,Nataline,Jess,production,1822,4051
545,Kellen,Mintz,operations,1588,6756
546,Evita,McCutcheon,operations,2306,4100
547,Kenna,Federica,it,1629,4247
548,Bibby,Han,operations,2173,4510
549,Shell,Chick,production,2641,1587
550,Theodora,Marcellus,,2604,3106
551,Adelle,Cyrie,operations,1744,6686
552,Gwyneth,Kaja,,2385,1503
553,Ada,Hoenack,sales,2021,6548
554,Elka,Morrill,production,1710,4676
555,Elmira,Socha,,2741,3691
556,Alex,Roscoe,production,2139,158
557,Dianemarie,Bollay,,2814,2212
558,Thalia,Barrus,sales,1744,9584
559,Arlina,Vacuva,it,2458,2442
560,Alia,Haymes,sales,1635,1714
561,Sindee,Stefa,operations,1895,9633
562,Stacey,Clie,it,1632,2849
563,Ira,Aprile,it,2731,5738
564,Fina,Curren,operations,1820,6326
565,Siana,Mintz,production,2967,4408
566,Joy,Bultman,operations,1539,239
567,Elsie,Dearborn,it,1944,678
568,Jany,Pearse,it,2798,4608
569,Dorothy,Cynar,,2944,4123
570,Elbertina,Fontana,operations,2288,7018
571,Kassey,Vanni,,2052,9027
572,Aurelie,Decato,,2905,9612
573,Sandie,Vharat,operations,2449,8274
574,Helena,Riva,sales,2184,7358
575,Lily,Nedrud,,1860,1384
576,Eadie,Mayeda,production,2485,3623
577,Allyce,Othilia,it,2026,4410
578,Concettina,Arquit,operations,1711,4578
579,Aurore,Fredi,operations,1573,4266
580,Odessa,Rebecka,,1551,7326
581,Atlanta,Hewitt,it,1678,844
582,Mariann,Cimbura,production,2657,4905
583,Nickie,Rogerio,production,2328,3159
584,Myriam,Manolo,sales,2804,2410
585,Valeda,Jehu,,2992,4296
586,Nicoli,Valoniah,,1601,105
587,Judy,Heidt,sales,2982,7988
588,Averyl,Kunin,production,2742,5430
589,Daune,Barbey,it,1921,950
590,Vonny,Prouty,it,2017,1647
591,Alie,Mott,it,2558,8217
592,Ardeen,Wu,sales,2648,994
593,Latisha,Raul,,2353,760
594,Merle,Tillford,operations,2399,6778
595,Fred,Marlie,it,2497,7087
596,Lynnea,Killigrew,sales,2036,3301
597,Harmonia,Rozanna,sales,1946,9253
598,Evaleen,Tamsky,production,2835,4105
599,Dorthy,Peonir,it,1751,9682
600,Bernie,Shuler,production,2533,9247
601,Genovera,Katrine,production,2801,3298
602,Lynde,Jefferey,it,2920,9643
603,Annice,Bibi,sales,2081,2320
604,Micheline,Christine,sales,2112,8687
605,Melina,Stacy,it,2149,4910
606,Lesly,Wilona,sales,2683,1462
607,Bill,Garek,sales,1908,3724
608,Wileen,Rhu,production,2641,8276
609,Andeee,Baudin,operations,2271,6929
610,Bee,Artie,production,1981,1852
611,Dennie,Cavan,,2351,162
612,Georgina,Juan,operations,2458,7691
613,Atlanta,Lea,sales,2164,3349
614,Hope,Cadmar,production,2339,8717
615,Riannon,Magdalen,operations,1610,9871
616,Melanie,Adlare,sales,2424,5874
617,Merrie,Liva,it,1934,700
618,Deedee,Orelee,operations,1753,3463
619,Sheelagh,Guthrie,operations,2141,5785
620,Marleah,Herrera,,2075,7255
621,Lynde,Neva,,2157,9596
622,Averyl,Darian,operations,1911,1680
623,Catharine,Hirsch,it,2201,3996
624,Susan,Quinn,it,2126,7580
625,Arabel,Faust,,1974,8366
626,Lenna,Susannah,,1812,1916
627,Goldie,Leonard,operations,1528,9808
628,Meghann,Evvie,,2848,8500
629,Dennie,Thad,,2821,1019
630,Cristine,Hepsibah,production,1828,5165
631,Adore,Pitt,sales,2319,112
632,Kirstin,Mitzi,sales,1996,504
633,Teriann,Teddman,it,2464,4611
634,Sharai,Jess,it,2523,151
635,Cherilyn,Tjon,it,2802,9865
636,Claresta,Chauncey,,1998,913
637,Hermione,Colp,it,2368,2076
638,Emilia,Rossner,sales,2597,644
639,Marguerite,Argus,production,2406,5182
640,Abbie,Martsen,it,2999,6840
641,Lulita,Jalbert,sales,1895,6851
642,Bill,Adamsen,it,2195,862
643,Ira,Graig,,2527,6881
644,Magdalena,Tillford,production,2803,979
645,Neila,Jobi,it,2572,4981
646,Chrystel,Leler,sales,1750,4430
647,Jerry,Chinua,operations,1806,5709
648,Iseabal,Faria,production,2471,3419
649,Veda,Kazimir,sales,2484,7698
650,Laure,Darian,it,2947,1894
651,Laure,Pond,operations,1604,2847
652,Ashlee,Wooster,,2617,9022
653,Viviene,Sacken,operations,1628,5531
654,Thalia,Rona,sales,1836,4283
655,Caritta,Tillford,operations,2518,9061
656,Fayre,Cohdwell,sales,1933,774
657,Maisey,Rosalba,it,2681,4901
658,Cindelyn,Halla,sales,1518,1472
659,Giustina,Naashom,production,2250,3360
660,Edith,Vilma,it,2953,3629
661,Shell,Phi,it,1822,4702
662,Neila,Bahr,operations,2301,3888
663,Mahalia,Isidore,operations,2400,2227
664,Janis,Whiffen,it,1528,3824
665,Maridel,Regan,,1856,8824
666,Asia,Ietta,operations,2868,6140
667,Etta,Natica,operations,1772,7910
668,Alyssa,Frodi,,2210,5575
669,Audrie,Pascia,sales,2391,518
670,Feliza,Donell,sales,1518,8554
671,Celisse,Strephon,,2528,5243
672,Jackie,Robertson,sales,2769,7474
673,Melisent,Danby,production,2651,2552
674,Merci,Si,production,2679,9374
675,Charissa,Trinetta,,1633,8218
676,Rozele,Riva,it,1537,6156
677,Carmela,Anderea,operations,2770,6950
678,Kenna,Mathilde,operations,2318,8121
679,Bernie,Regan,operations,2984,8631
680,Sandie,Eachern,,1551,498
681,Mathilda,Parsaye,,1859,1802
682,Marylou,Cath,,2023,589
683,Sybille,Gale,,1930,6807
684,Vonny,Cullin,sales,2630,3508
685,Hollie,Viddah,,2328,7745
686,Raf,Bahr,production,2059,3151
687,Nonnah,Hanshaw,operations,2741,8059
688,Frances,Hertzfeld,,2290,3676
689,Tera,Bury,it,1764,9971
690,Fawne,Johanna,sales,2062,3659
691,Cissiee,Sothena,operations,2806,9239
692,Nannie,Faso,,2986,7356
693,Aili,Flita,sales,1891,2463
694,Blake,Othilia,,2176,3071
695,Sophia,Saint,it,2155,1137
696,Aurore,Lilybelle,operations,2843,2310
697,Marika,Brunell,,2809,1971
698,Chickie,Kaete,,2657,4043
699,Rosene,Myrilla,sales,1718,9068
700,Vivia,Wandie,,1844,9350
701,Danny,Fitzsimmons,sales,1965,6326
702,Cam,Sacken,it,2943,3896
703,Ericka,Burch,,2503,8087
704,Coral,Daniele,sales,2363,6588
705,Ursulina,Mata,sales,1735,1484
706,Eve,Allys,operations,2029,8860
707,Eve,Herrera,operations,2736,2985
708,Mallory,Greyson,sales,2354,6333
709,Meghann,Posner,production,2706,4098
710,Audrie,Maribeth,it,1501,1727
711,Elfreda,Barney,it,2566,9067
712,Cordi,Barbey,operations,1779,9161
713,Max,Decato,,1604,9175
714,Marinna,Ralfston,,2489,660
715,Britte,Edee,,1609,3709
716,Goldie,Yuille,production,2960,5070
717,Benita,Darrell,operations,1582,8001
718,Marti,Joeann,,2920,6872
719,Vita,Nicoline,sales,2772,9153
720,Willetta,Fax,production,2531,7363
721,Kristan,Bertold,sales,2720,9002
722,Micheline,Andrel,production,1544,6794
723,Lila,Claudine,,1779,2447
724,Mathilda,Braun,it,2405,3959
725,Yvonne,Damarra,production,2545,8537
726,Karolina,Nelsen,operations,1704,273
727,Almeta,Rosalba,operations,2935,8452
728,Joelly,Docilla,sales,1805,4342
729,Jaclyn,Rosemary,production,2725,8595
730,Cyb,Linskey,operations,2825,6477
731,Fernande,Caitlin,operations,2168,1287
732,Millie,Redmond,it,1736,8091
733,Agathe,Toffic,operations,2909,4237
734,Sheelagh,Kylander,it,2054,6814
735,Queenie,Auberbach,,2590,4685
736,Estell,Schalles,sales,1948,6076
737,Neila,Sasnett,production,2955,3851
738,Leona,Wareing,it,2446,9702
739,Meghann,Moina,operations,2559,1760
740,Ericka,Publia,operations,1986,42
741,Tersina,Vins,operations,2705,4526
742,Lolita,Ivens,sales,2053,9290
743,Vinita,Faria,production,2658,529
744,Karina,Odell,operations,2768,5334
745,Elora,Rurik,sales,2980,9681
746,Fanchon,Pierette,sales,1671,6206
747,Babita,Schroth,,2261,2480
748,Misha,Narton,sales,2261,6418
749,Nickie,Latini,production,1535,3048
750,Eadie,Reidar,production,2103,7563
751,Randa,Nicoline,sales,1783,7390
752,Fina,Sallyann,production,1600,4961
753,Suzette,Cecile,,2611,2387
754,Allyce,Carvey,,2406,576
755,Lily,Vharat,sales,2694,9052
756,Gertrud,Whiffen,it,2061,690
757,Aurelie,Pulsifer,it,2869,5267
758,Sidoney,Cassius,,2004,6348
759,Konstance,Abbot,sales,1593,429
760,Meghann,Rustice,it,1737,550
761,Andeee,Neva,production,2530,2712
762,Doro,Brandice,,1590,2203
763,Hollie,Letsou,it,1725,6846
764,Lila,O'Rourke,production,2189,159
765,Nyssa,Kendrick,,2712,6493
766,Shauna,Pandolfi,production,2966,3307
767,Emylee,Thar,,1991,7496
768,Sarette,Chapland,it,2291,8177
769,Charmaine,Harday,operations,1520,7588
770,Deloria,Prober,sales,2565,4430
771,Ana,Adamsen,sales,2741,3975
772,Ingrid,Marden,production,1937,9890
773,Cacilie,Turne,it,2075,1425
774,Riannon,Justinn,,1841,7583
775,Emma,MacIntosh,it,2401,5095
776,Katharina,Parsaye,operations,2193,16
777,Minda,Aloise,operations,2978,135
778,Cindelyn,Lanita,it,2577,4071
779,Gui,Burkle,sales,2073,4277
780,Blinni,Gladstone,,2811,1962
781,Eugine,Greyson,operations,2403,9328
782,Tressa,Roumell,it,2932,1
783,Carmencita,Georgy,operations,2158,6228
784,Cathie,Alwin,it,1819,2972
785,Modestia,Sasnett,production,2588,7954
786,Gwyneth,Bobbee,,2171,5995
787,Rosene,Kannry,,2078,8851
788,Kara-Lynn,Ammann,sales,2143,686
789,Wynne,Kinnard,,2342,4717
790,Alie,Niccolo,production,2598,706
791,Ariela,Esmaria,it,2414,1201
792,Laure,Denis,it,2720,3682
793,Shauna,An,production,2015,9160
794,Nikki,Sacken,operations,1585,8396
795,Anica,Vorster,production,1580,6391
796,Sharlene,Serilda,production,2831,7214
797,Deirdre,Kylander,production,2715,2420
798,Jere,Rosette,operations,2136,9892
799,Bobbi,Sandye,operations,2267,8303
800,Esmeralda,Chapland,sales,1991,2837
801,Minne,Greenwald,it,1694,4058
802,Dede,Faso,production,1616,7550
803,Sam,Terrence,sales,2497,3798
804,Kelly,Cottle,sales,2026,7959
805,Therine,Haldas,sales,2787,2751
806,Kenna,Sawtelle,,1590,4956
807,Yetty,Slifka,production,2725,6498
808,Silvana,Cloris,operations,2102,5301
809,Celestyna,Melan,it,1636,9586
810,Layla,Thomasina,sales,1656,3011
811,Magdalena,Yorick,operations,2506,2413
812,Lyssa,Dulciana,operations,2037,8934
813,Celene,Nester,operations,2174,2742
814,Elfreda,Ezar,sales,1760,4771
815,Brianna,Fax,operations,2936,15
816,Juliane,Prober,sales,2642,6835
817,Rhea,Skell,,2043,1130
818,Charissa,Couture,operations,2097,9128
819,Georgina,Shields,,1603,2221
820,Beth,Dermott,,2653,171
821,Daune,Levey,production,2636,8316
822,Hannis,Monaco,production,2169,8630
823,Frank,Hortensia,production,1912,3144
824,Inga,Myrilla,it,1704,4902
825,Bobbi,Lail,,2703,5697
826,Sean,Sholley,operations,2856,8917
827,Berta,Dudley,sales,2893,2311
828,Andeee,Zetta,operations,1719,6480
829,Larine,Wallis,,2312,6513
830,Trixi,Durware,,2274,9694
831,Lacie,Mitzi,operations,2577,4395
832,Lenna,Standing,it,2639,1510
833,Cissiee,Frodi,operations,2592,9304
834,Sue,Tatianas,,1517,6370
835,Janey,Annabella,production,2416,206
836,Bill,Hutchison,production,2236,8262
837,Elvira,Kenney,operations,2845,3872
838,Eve,Tybald,it,2544,508
839,Larine,Winthorpe,operations,1539,7547
840,Wilma,Mallon,operations,2800,2940
841,Verla,Papageno,it,2939,5099
842,Tobe,Bari,it,2785,5747
843,Nollie,Cath,operations,2775,8674
844,Bernardine,Mendez,production,2304,4892
845,Charlena,Letsou,operations,2256,8484
846,Jan,Clarissa,production,2350,3461
847,Desirae,Glovsky,,2911,5186
848,Hope,Grimbly,operations,2748,1659
849,Katharina,Smitt,production,2713,2164
850,Corly,Fulmer,sales,2518,4971
851,Brianna,Ellerey,sales,2217,2440
852,Carree,Magdalen,,2397,1314
853,Letizia,Bryna,sales,2718,3411
854,Barbara,Sholley,sales,2130,5828
855,Oralee,Elephus,it,2160,3243
856,Harrietta,Ezar,,2188,8145
857,Brena,Bronk,production,2005,5677
858,Codie,Sharl,it,1985,7228
859,Lulita,Brady,production,2634,8469
860,Adriana,Corabella,sales,2543,5778
861,Coral,Warthman,it,2022,4953
862,Brynna,Payson,production,2284,9972
863,Willetta,Janith,it,2368,4428
864,Maridel,Brittani,it,3000,7422
865,Dale,Aida,it,1926,119
866,Raquela,Iphlgenia,sales,2177,3451
867,Elora,Bartlett,sales,1899,8566
868,Ebonee,Sikorski,,2812,185
869,Teriann,Thunell,sales,1987,8694
870,Larine,Couture,sales,2288,3282
871,Raf,Thar,,2389,9932
872,Odessa,Dowski,it,1539,3176
873,Kayla,Shaddock,operations,2988,7563
874,Dorthy,Atonsah,sales,2734,6674
875,Roslyn,Joli,it,1812,5774
876,Luci,Vary,sales,2465,8289
877,Dale,Argus,operations,2903,4899
878,Rani,Hailee,sales,2271,9031
879,Orelia,Schonfeld,it,1996,1542
880,Gavrielle,Quent,sales,2567,9667
881,Sidoney,Bates,sales,2773,2436
882,Lelah,Raffo,production,2058,8831
883,Jenda,Thema,production,1676,2792
884,Nanete,Gaynor,it,2052,4141
885,Gertrud,Hewitt,operations,2290,3562
886,Alameda,McAdams,production,1982,9990
887,Siana,Papageno,production,1965,7493
888,Minda,Malina,,2060,4346
889,Anallese,Skurnik,operations,2893,4320
890,Betta,Engdahl,it,1625,9404
891,Mariann,Dituri,,2330,4896
892,Ann-Marie,Love,operations,2425,4181
893,Caryl,Cynar,,2238,4737
894,Georgetta,Klemperer,sales,1769,3403
895,Yolane,Clarissa,production,2936,3249
896,Nikki,O'Neill,operations,2439,4671
897,Priscilla,Sammons,operations,1706,6339
898,Claudina,Prouty,sales,1927,6367
899,Minne,Leler,production,2776,2296
900,Raina,Ummersen,operations,2208,996
901,Christal,Oscar,,2960,4479
902,Paule,Amadas,it,2721,2853
903,Collen,Barney,sales,1865,2872
904,Therine,O'Rourke,it,1848,7508
905,Vonny,Lynn,operations,2961,2307
906,Jessy,Vittoria,production,2510,3364
907,Elmira,Hortensia,operations,1811,6621
908,Jackie,Ummersen,sales,2893,6034
909,Glynnis,Dichy,sales,2202,2226
910,Clarice,Giule,it,2737,781
911,Sean,Jagir,operations,2172,8103
912,Jolyn,McAdams,,2026,6423
913,Merle,Mozelle,,2328,2873
914,Hallie,Donoghue,,2794,2187
915,Elfreda,Mullane,sales,1926,7507
916,Genevra,Rozanna,production,2491,2596
917,Celene,Yam,sales,1905,3909
918,Lusa,Kussell,sales,1703,258
919,Lita,Engdahl,production,2881,3979
920,Emmey,Kylander,production,2069,5712
921,Roberta,Burch,operations,2522,171
922,Perry,Kress,sales,2656,5219
923,Ingrid,Karl,production,2709,5273
924,Brana,Arne,it,1560,4757
925,Joeann,Tjon,it,1573,6007
926,Verla,MacIntosh,it,2139,6669
927,Dulcinea,Joachim,operations,2717,2443
928,Gaylene,Jillane,operations,2123,2297
929,Lucy,Bollay,production,2838,1481
930,Elyssa,Garbe,production,2738,1892
931,Krystle,Jehu,sales,1514,8514
932,Joelly,Gibbeon,,2757,3839
933,Harmonia,Sinegold,sales,2548,2511
934,Aimil,Si,production,2633,3900
935,Melina,Sancho,,2330,1839
936,Vita,Smitt,operations,2497,5497
937,Ann-Marie,Lilybelle,operations,1677,225
938,Brandise,Alcott,sales,2931,9369
939,Chrystel,Peti,production,2665,3088
940,Lacie,Thema,operations,2672,4874
941,Blake,Mitzi,,2795,435
942,Bobinette,Meli,operations,2043,2494
943,Moyna,Earlie,production,2775,6317
944,Sybille,Cyrie,it,2511,206
945,Marita,Calhoun,operations,2004,1110
946,Kimmy,Zenas,,1935,3544
947,Helena,Arley,sales,2179,4102
948,Jean,Norvol,it,2743,6178
949,Chrystel,Keily,operations,1957,4292
950,Kristan,Granoff,production,2422,1702
951,Elka,Lauraine,,2495,207
952,Albertina,Seagraves,sales,2439,7907
953,Sadie,Wadell,production,2852,7310
954,Jacquetta,Hathaway,it,2498,2849
955,Janenna,Monaco,it,2869,5044
956,Teddie,Brady,sales,2876,6266
957,Nicoli,Yusuk,operations,2612,6627
958,Mahalia,Carey,production,1846,6654
959,Sharai,Liva,operations,1956,6096
960,Helsa,Johanna,production,2388,9945
961,Molli,Romelda,it,2586,6664
962,Hayley,Schalles,operations,2525,8532
963,Roseline,Uund,operations,1923,281
964,Merle,Rurik,it,1791,6882
965,Renie,Podvin,it,2370,9052
966,Alexine,Darrell,operations,1568,9975
967,Tina,Matthew,sales,2641,2186
968,Tera,Nore,operations,1610,1614
969,Tonia,Chick,sales,1608,8468
970,Jordan,Skell,,1876,1759
971,Dari,Howlyn,production,1945,3390
972,Danika,Carlson,,2139,7291
973,Lelah,Wallis,sales,2027,9108
974,Chickie,Gaulin,it,2179,5514
975,Darci,Earlie,operations,1616,6248
976,Jasmina,Leonard,sales,1541,9009
977,Leona,Karylin,sales,2951,6722
978,Penelopa,Ledah,,2732,1435
979,Aryn,Sabella,operations,2924,8751
980,Karena,Hurley,,1791,7673
981,Miquela,Lynn,operations,2254,9642
982,Jorry,Fleeta,sales,2765,4576
983,Heida,Arathorn,sales,1635,340
984,Siana,Anderea,production,1855,8565
985,Nannie,Bultman,,2400,3776
986,Albertina,Ardra,production,2114,5731
987,Leia,Kat,operations,2660,3854
988,Allis,Madaih,it,1860,120
989,Lizzie,Astra,it,2658,1805
990,Kathy,Nikaniki,it,2965,5581
991,Basia,Maroney,production,2376,7849
992,Brandise,Bow,sales,1703,3455
993,Robbi,Nahum,operations,1681,8457
994,Joceline,Darrell,sales,2466,1226
995,Emilia,Elbertina,operations,1894,3574
996,Damaris,Noelyn,,1547,2303
997,Dari,Salvidor,it,2434,6387
998,Vinita,Tyson,operations,2583,6074
999,Kelly,Adrienne,,2406,8608
1000,Larine,Connelly,it,2898,4048
1001,Carol-Jean,Belldas,production,1676,2781
1002,Lynea,Melony,production,2825,360
1003,Barbi,Horan,,2881,4369
1004,Myriam,Duwalt,,2309,9910
1005,Karina,Hoenack,,1573,711
1006,Dale,Moina,it,2234,6796
1007,Tamqrah,LaRue,,1854,9006
1008,Tierney,Doig,operations,2832,8009
1009,Rivalee,Alrich,operations,2784,721
1010,Amii,Connelly,it,1626,4977
1011,Sissy,Poll,,1734,272
1012,Mara,Sinegold,operations,2891,9785
1013,Pamella,Chabot,operations,2362,7427
1014,Aurore,Fiann,production,1874,9226
1015,Josephine,Maiah,it,2337,4090
1016,Adriana,Woodberry,operations,2967,6550
1017,Hildegaard,Gaspard,it,2182,8901
1018,Diena,Phaidra,,2953,6862
1019,Elmira,Jess,,2966,199
1020,Gratia,Dosia,operations,2942,1248
1021,Nicoli,Lamoree,sales,1709,2647
1022,Vinita,Karl,operations,1785,3330
1023,Roz,Aldric,production,2007,3777
1024,Dulce,Garlinda,production,1789,2624
1025,Gretal,Linskey,,2552,8015
1026,Emelina,Henebry,sales,1810,124
1027,Kate,Bord,it,2396,2716
1028,Britte,Cynar,it,2146,3702
1029,Fanny,Peg,it,2091,258
1030,Cyb,Alejoa,operations,1712,3269
1031,Debee,Pitt,operations,2287,387
1032,Adele,Strephon,production,2013,6757
1033,Teddie,Evvie,operations,2001,6365
1034,Iseabal,Bobbee,operations,1955,6387
1035,Chickie,Leary,operations,1684,1275
1036,Modestia,Zenas,operations,1541,3994
1037,Dacia,Pacorro,,2372,3999
1038,Dale,Lumbard,,2339,892
1039,Mady,Tremayne,,2369,9309
1040,Sara-Ann,Weitman,production,1584,3806
1041,Willetta,Graig,it,2080,246
1042,Sadie,Orelee,operations,2965,9527
1043,Miquela,Bashemeth,production,1787,3789
1044,Wanda,Vacuva,operations,2118,3994
1045,Ingrid,Ivens,it,2133,3342
1046,Latisha,Brandice,,2011,7083
1047,Mallory,Cornelia,sales,2022,9452
1048,Raina,Leifeste,operations,1912,2551
1049,Ada,Ardra,it,2541,1101
1050,Mathilda,Esmaria,operations,2298,3573
1051,Jillayne,Elsinore,it,2209,626
1052,Phylis,Koehler,it,2675,6860
1053,Bibby,Uund,operations,2904,8272
1054,Nataline,Cassius,operations,1723,9017
1055,Alexine,Catie,production,2941,4348
1056,Vevay,Dorothy,,2652,6417
1057,Genevra,Chinua,sales,2586,2509
1058,Nikki,Ventre,sales,2870,176
1059,Cordi,Burch,operations,1819,1242
1060,Allyce,Sothena,,2029,5226
1061,Madeleine,Medrek,,2744,8228
1062,Deloria,Tippets,sales,1585,8815
1063,Sindee,Swanhildas,production,2916,3388
1064,Sabina,Frodi,,1842,3284
1065,Alyda,Jacobah,operations,2184,6458
1066,Keelia,Pitt,operations,1695,4033
1067,Robbi,Joni,,1562,6652
1068,Corene,Mathilde,it,2965,9375
1069,Georgina,Yoko,operations,1801,3257
1070,Yetty,Atcliffe,operations,1992,8683
1071,Atlanta,Hewitt,it,2191,3544
1072,Kaia,Ahab,it,1555,865
1073,Clementine,Solitta,,2775,5051
1074,Kimberley,Prouty,it,2540,8758
1075,Wynne,Lutero,production,2903,4514
1076,Alyda,Dalli,sales,2800,6841
1077,Lily,Docilla,,2384,6069
1078,Alex,Rubie,production,2591,9574
1079,Dawn,Seessel,operations,2441,8542
1080,Marjie,Rossner,operations,1509,6479
1081,Kristan,Pozzy,it,2404,7670
1082,Daryl,Jerold,sales,2857,5880
1083,Gerrie,Margret,it,2865,8342
1084,Susan,Urias,production,2302,559
1085,Clementine,Torray,operations,1874,5450
1086,Roxane,Naashom,,2789,3136
1087,Adelle,Georgy,production,2030,98
1088,Paola,Sheng,sales,1800,4182
1089,Jaime,Stefa,sales,2544,8359
1090,Alexine,Myrilla,sales,1711,998
1091,Adriana,Duwalt,sales,2339,7950
1092,Rani,Chobot,production,2822,1096
1093,Corry,Kirstin,operations,1718,7090
1094,Jessy,Karylin,it,2772,7395
1095,Monika,Maryanne,,2044,6681
1096,Debee,Ashely,it,1751,3043
1097,Melisent,Marisa,,1703,6225
1098,Belinda,Zuzana,sales,2968,8050
1099,Marita,Bates,operations,2048,9148